{
	"name": "sselesUssecnirP",
	"id": "160424636369207296",
	"tag": "sselesUssecnirP#7777",
	"guilds": [],
	"permissions": {
		"755657350962085888": {
			"help": true,
			"newcommand": true,
			"ping": true,
			"serverinfo": true,
			"sublist": true,
			"usericon": true,
			"ban": true,
			"kick": true,
			"mute": true,
			"report": true,
			"subcreate": true,
			"subremove": true,
			"tempadmin": true,
			"grabbotsaves": true,
			"invite": true,
			"message": true,
			"sendmessage": true,
			"givecola": true,
			"dogwater": true,
			"imdie": true,
			"korone": true,
			"mafia": true,
			"say": true

		},
		"798284351682904085": {
			"help": true,
			"newcommand": true,
			"ping": true,
			"serverinfo": true,
			"sublist": true,
			"usericon": true,
			"ban": true,
			"kick": true,
			"mute": true,
			"report": true,
			"subcreate": true,
			"subremove": true,
			"tempadmin": true,
			"grabbotsaves": true,
			"invite": true,
			"message": true,
			"sendmessage": true,
			"givecola": true,
			"dogwater": true,
			"imdie": true,
			"korone": true,
			"mafia": true,
			"say": true
		},
		"621916957238755328": {
			"help": true,
			"newcommand": true,
			"ping": true,
			"serverinfo": true,
			"sublist": true,
			"usericon": true,
			"ban": true,
			"kick": true,
			"mute": true,
			"report": true,
			"subcreate": true,
			"subremove": true,
			"tempadmin": true,
			"grabbotsaves": true,
			"invite": true,
			"message": true,
			"sendmessage": true,
			"givecola": true,
			"dogwater": true,
			"imdie": true,
			"korone": true,
			"mafia": true,
			"say": true
		}
	},
	"warnings": [],
	"DM": {
		"days": 2,
		"message": "",
		"lastMessage": ""
	}
}