{
	"name": "Anthony L.",
	"id": "616807010591047722",
	"tag": "Anthony L.#6666",
	"guilds": [],
	"permissions": {
		"755657350962085888": {
			"help": true,
			"newcommand": true,
			"ping": true,
			"serverinfo": true,
			"sublist": true,
			"usericon": true,
			"ban": false,
			"kick": false,
			"mute": false,
			"report": true,
			"subcreate": false,
			"subremove": false,
			"tempadmin": false,
			"grabbotsaves": false,
			"invite": false,
			"message": false,
			"sendmessage": false,
			"givecola": true,
			"dogwater": true,
			"imdie": true,
			"korone": true,
			"mafia": true,
			"say": true
		},
		"798284351682904085": {
			"help": true,
			"newcommand": true,
			"ping": true,
			"serverinfo": true,
			"sublist": true,
			"usericon": true,
			"ban": false,
			"kick": false,
			"mute": false,
			"report": true,
			"subcreate": false,
			"subremove": false,
			"tempadmin": false,
			"grabbotsaves": false,
			"invite": false,
			"message": false,
			"sendmessage": false,
			"givecola": true,
			"dogwater": true,
			"imdie": true,
			"korone": true,
			"mafia": true,
			"say": true
		},
		"621916957238755328": {
			"help": true,
			"newcommand": true,
			"ping": true,
			"serverinfo": true,
			"sublist": true,
			"usericon": true,
			"ban": false,
			"kick": false,
			"mute": false,
			"report": true,
			"subcreate": false,
			"subremove": false,
			"tempadmin": false,
			"grabbotsaves": false,
			"invite": false,
			"message": false,
			"sendmessage": false,
			"givecola": true,
			"dogwater": true,
			"imdie": true,
			"korone": true,
			"mafia": true,
			"say": true
		}
	},
	"warnings": [],
	"DM": {
		"days": 3,
		"message": "https://www.youtube.com/watch?v=0KGS0IOzSQQ&list=PLrvwVi0t0h8AYitTAkCXEcGVRxqXXZeeq&index=343",
		"lastMessage": "2/20/2021, 9:32:01 PM"
	}
}